<?xml version="1.0" encoding="UTF-8"?>

<!DOCTYPE hibernate-configuration PUBLIC
"-//Hibernate/Hibernate Configuration DTD 3.0//EN"
"http://hibernate.sourceforge.net/hibernate-configuration-3.0.dtd">
<hibernate-configuration>
    <session-factory>
        <property name="hibernate.bytecode.use_reflection_optimizer">false</property>
        <property name="hibernate.connection.driver_class">com.mysql.jdbc.Driver</property>
        <property name="hibernate.connection.password">Moga78city#</property>
        <property name="hibernate.connection.url">jdbc:mysql://localhost:3306/satvinso_PRS</property>
        <property name="hibernate.connection.username">satvinso_root</property>
        <property name="hibernate.dialect">org.hibernate.dialect.MySQLDialect</property>
        <property name="show_sql">true</property>
        
        
        <property name="hibernate.c3p0.min_size">5</property>
        <property name="hibernate.c3p0.max_size">20</property>
        <property name="hibernate.c3p0.timeout">0</property>
        <property name="hibernate.c3p0.max_statements">50</property>
        <property name="hibernate.c3p0.idle_test_period">3000</property>
        
        
        <mapping class="com.prs.model.city"></mapping>
        <mapping class="com.prs.model.personalInfo"></mapping>
        <mapping class="com.prs.model.eduOccupation"></mapping>
        <mapping class="com.prs.model.contact"></mapping>
        <mapping class="com.prs.model.medicine"></mapping>
        <mapping class="com.prs.model.pharmacompany"></mapping>
        <mapping class="com.prs.model.visitdata"></mapping>
        <mapping class="com.prs.model.prescription"></mapping>
        <mapping class="com.prs.model.searchinfo"></mapping>
        <mapping class="com.prs.model.medicinepresc"></mapping>
    </session-factory>
</hibernate-configuration>