<?xml version="1.0" encoding="UTF-8"?>

<!DOCTYPE hibernate-configuration PUBLIC
"-//Hibernate/Hibernate Configuration DTD 3.0//EN"
"http://hibernate.sourceforge.net/hibernate-configuration-3.0.dtd">
<hibernate-configuration>
    <session-factory>
        <property name="hibernate.bytecode.use_reflection_optimizer">false</property>
        <property name="hibernate.connection.driver_class">com.mysql.jdbc.Driver</property>
        <property name="hibernate.connection.password">Moga78city#</property>
        <property name="hibernate.connection.url">jdbc:mysql://localhost:3306/PRS</property>
        <property name="hibernate.connection.username">root</property>
        <property name="hibernate.dialect">org.hibernate.dialect.MySQLDialect</property>
        <property name="show_sql">true</property>
        
        <mapping class="com.prs.model.city"></mapping>
        <mapping class="com.prs.model.personalInfo"></mapping>
        <mapping class="com.prs.model.eduOccupation"></mapping>
        <mapping class="com.prs.model.contact"></mapping>
        <mapping class="com.prs.model.medicine"></mapping>
        <mapping class="com.prs.model.pharmacompany"></mapping>
        <mapping class="com.prs.model.visitdata"></mapping>
        <mapping class="com.prs.model.prescription"></mapping>
    </session-factory>
</hibernate-configuration>